level,log_cost_per_sample
0,14.621136113274641
1,15.51422090935813
2,16.948777859356397
3,18.002946834789466
4,18.872674880270605
