eps,MC_cost_hours,MLMC_cost_hours
0.04,7794.444444444444,2436.3888888888887
0.05,4711.111111111111,1143.611111111111
